id,etiqueta,grupo,tipo,rango,default,osc,osc_norm,fuentes
master.brightness,Brillo master,master,float,0 .. 1,1,/p/master/brightness,/pn/master/brightness,
master.blackout,Blackout,master,bool,false | true,false,/p/master/blackout,/pn/master/blackout,
master.bloomEnabled,Bloom on,master,bool,false | true,true,/p/master/bloomEnabled,/pn/master/bloomEnabled,
master.quality,Calidad,master,enum,ultra | high | medium | low,high,/p/master/quality,/pn/master/quality,
bloom.strength,Bloom fuerza,bloom,float,0 .. 2,0.9,/p/bloom/strength,/pn/bloom/strength,
bloom.radius,Bloom radio,bloom,float,0 .. 1,0.8,/p/bloom/radius,/pn/bloom/radius,
bloom.threshold,Bloom umbral,bloom,float,0 .. 1,0,/p/bloom/threshold,/pn/bloom/threshold,
ao.enabled,Ambient occlusion,ao,bool,false | true,true,/p/ao/enabled,/pn/ao/enabled,
ao.amount,Intensidad AO,ao,float,0 .. 1,1,/p/ao/amount,/pn/ao/amount,
ao.distance,Radio AO (m),ao,float,0.01 .. 1,0.1,/p/ao/distance,/pn/ao/distance,
ao.thickness,Grosor AO,ao,float,0.05 .. 4,0.6,/p/ao/thickness,/pn/ao/thickness,
ao.contrast,Contraste AO,ao,float,0.25 .. 4,1.6,/p/ao/contrast,/pn/ao/contrast,
ao.samples,Muestras AO,ao,int,4 .. 32,16,/p/ao/samples,/pn/ao/samples,
ao.resolutionScale,Resolución AO,ao,float,0.25 .. 1,0.5,/p/ao/resolutionScale,/pn/ao/resolutionScale,
ao.denoise,Suavizado AO,ao,float,0 .. 12,5,/p/ao/denoise,/pn/ao/denoise,
render.msaa,Antialiasing 3D (MSAA),render,bool,false | true,true,/p/render/msaa,/pn/render/msaa,
scene.current,Escena actual,scene,enum,1 | 2 | 3 | 4 | 5 | 6 | 7 | 8 | 9 | 10 | 11 | 12 | 13 | 14 | 15 | 16 | 17 | 18 | 19 | 20 | 21 | 22 | 23 | 24 | 25 | 26 | 27 | 28 | 29,1,/p/scene/current,/pn/scene/current,
warning.band,Banda,warning,float,0 .. 1,0,/p/warning/band,/pn/warning/band,
warning.bg,Fondo (chevrones),warning,float,0 .. 1,0,/p/warning/bg,/pn/warning/bg,
warning.scroll,Scroll texto (px/s),warning,float,-200 .. 200,0,/p/warning/scroll,/pn/warning/scroll,
warning.pulseAttack,Pulso ataque (s),warning,float,0.1 .. 10,1,/p/warning/pulseAttack,/pn/warning/pulseAttack,
warning.pulseRelease,Pulso caída (s),warning,float,0.1 .. 10,2,/p/warning/pulseRelease,/pn/warning/pulseRelease,
warning.bgPulse,Latido del fondo,warning,float,0 .. 1,0,/p/warning/bgPulse,/pn/warning/bgPulse,
warning.bgPulseRate,Latido (Hz),warning,float,0.05 .. 6,0.5,/p/warning/bgPulseRate,/pn/warning/bgPulseRate,
grid.opacity,Grillas,grid,float,0 .. 1,0,/p/grid/opacity,/pn/grid/opacity,
grid.lineWidth,Grosor línea (px),grid,int,1 .. 8,1,/p/grid/lineWidth,/pn/grid/lineWidth,
grid.brightness,Brillo,grid,float,0 .. 1,0.6,/p/grid/brightness,/pn/grid/brightness,
grid.cellW,Celda ancho (px),grid,int,8 .. 1008,96,/p/grid/cellW,/pn/grid/cellW,
grid.cellH,Celda alto (px),grid,int,8 .. 1008,96,/p/grid/cellH,/pn/grid/cellH,
grid.coarse,Celdas gruesas,grid,bool,false | true,false,/p/grid/coarse,/pn/grid/coarse,
grid.scrollSpeed,Scroll (px/s),grid,float,0 .. 400,12,/p/grid/scrollSpeed,/pn/grid/scrollSpeed,
grid.pixelSnap,Ajuste a píxel,grid,bool,false | true,true,/p/grid/pixelSnap,/pn/grid/pixelSnap,
grid.fadeTime,Fade grilla gruesa (s),grid,float,0 .. 2,0.15,/p/grid/fadeTime,/pn/grid/fadeTime,
grid.offsetTime,Corrimiento: duración (s),grid,float,0 .. 3,0.35,/p/grid/offsetTime,/pn/grid/offsetTime,
grid.offsetStep,Corrimiento: paso (px),grid,float,1 .. 1008,42,/p/grid/offsetStep,/pn/grid/offsetStep,
grid.offsetEase,Corrimiento: curva,grid,enum,smooth | out | linear,smooth,/p/grid/offsetEase,/pn/grid/offsetEase,
grid.offsetAxis,Corrimiento: eje,grid,enum,vertical | horizontal | ambos | random,vertical,/p/grid/offsetAxis,/pn/grid/offsetAxis,
grid.b1.enabled,Bloque 1,grid,bool,false | true,false,/p/grid/b1/enabled,/pn/grid/b1/enabled,
grid.b1.dir,Bloque 1 sentido,grid,int,-1 .. 1,1,/p/grid/b1/dir,/pn/grid/b1/dir,
grid.b1.speedMul,Bloque 1 vel.,grid,float,0 .. 3,1,/p/grid/b1/speedMul,/pn/grid/b1/speedMul,
grid.b1.offsetY,Bloque 1 offset Y,grid,float,0 .. 1008,0,/p/grid/b1/offsetY,/pn/grid/b1/offsetY,
grid.b1.offsetX,Bloque 1 offset X,grid,float,-1008 .. 1008,0,/p/grid/b1/offsetX,/pn/grid/b1/offsetX,
grid.b2.enabled,Bloque 2,grid,bool,false | true,false,/p/grid/b2/enabled,/pn/grid/b2/enabled,
grid.b2.dir,Bloque 2 sentido,grid,int,-1 .. 1,1,/p/grid/b2/dir,/pn/grid/b2/dir,
grid.b2.speedMul,Bloque 2 vel.,grid,float,0 .. 3,1,/p/grid/b2/speedMul,/pn/grid/b2/speedMul,
grid.b2.offsetY,Bloque 2 offset Y,grid,float,0 .. 1008,0,/p/grid/b2/offsetY,/pn/grid/b2/offsetY,
grid.b2.offsetX,Bloque 2 offset X,grid,float,-1008 .. 1008,0,/p/grid/b2/offsetX,/pn/grid/b2/offsetX,
grid.b3.enabled,Bloque 3,grid,bool,false | true,false,/p/grid/b3/enabled,/pn/grid/b3/enabled,
grid.b3.dir,Bloque 3 sentido,grid,int,-1 .. 1,1,/p/grid/b3/dir,/pn/grid/b3/dir,
grid.b3.speedMul,Bloque 3 vel.,grid,float,0 .. 3,1,/p/grid/b3/speedMul,/pn/grid/b3/speedMul,
grid.b3.offsetY,Bloque 3 offset Y,grid,float,0 .. 1008,0,/p/grid/b3/offsetY,/pn/grid/b3/offsetY,
grid.b3.offsetX,Bloque 3 offset X,grid,float,-1008 .. 1008,0,/p/grid/b3/offsetX,/pn/grid/b3/offsetX,
grid.b4.enabled,Bloque 4,grid,bool,false | true,false,/p/grid/b4/enabled,/pn/grid/b4/enabled,
grid.b4.dir,Bloque 4 sentido,grid,int,-1 .. 1,1,/p/grid/b4/dir,/pn/grid/b4/dir,
grid.b4.speedMul,Bloque 4 vel.,grid,float,0 .. 3,1,/p/grid/b4/speedMul,/pn/grid/b4/speedMul,
grid.b4.offsetY,Bloque 4 offset Y,grid,float,0 .. 1008,0,/p/grid/b4/offsetY,/pn/grid/b4/offsetY,
grid.b4.offsetX,Bloque 4 offset X,grid,float,-1008 .. 1008,0,/p/grid/b4/offsetX,/pn/grid/b4/offsetX,
grid.b5.enabled,Bloque 5,grid,bool,false | true,false,/p/grid/b5/enabled,/pn/grid/b5/enabled,
grid.b5.dir,Bloque 5 sentido,grid,int,-1 .. 1,1,/p/grid/b5/dir,/pn/grid/b5/dir,
grid.b5.speedMul,Bloque 5 vel.,grid,float,0 .. 3,1,/p/grid/b5/speedMul,/pn/grid/b5/speedMul,
grid.b5.offsetY,Bloque 5 offset Y,grid,float,0 .. 1008,0,/p/grid/b5/offsetY,/pn/grid/b5/offsetY,
grid.b5.offsetX,Bloque 5 offset X,grid,float,-1008 .. 1008,0,/p/grid/b5/offsetX,/pn/grid/b5/offsetX,
sweep.enabled,Barridos,sweep,bool,false | true,false,/p/sweep/enabled,/pn/sweep/enabled,
sweep.opacity,Opacidad,sweep,float,0 .. 1,1,/p/sweep/opacity,/pn/sweep/opacity,
sweep.duration,Duración (s),sweep,float,0.1 .. 6,1.2,/p/sweep/duration,/pn/sweep/duration,
sweep.length,Largo (frac. alto),sweep,float,0.1 .. 1.5,0.7,/p/sweep/length,/pn/sweep/length,
sweep.solidHeight,Alto sólido (frac.),sweep,float,0.1 .. 1,0.5,/p/sweep/solidHeight,/pn/sweep/solidHeight,
sweep.solidDuration,Sólido: entrada (s),sweep,float,0.1 .. 6,0.3,/p/sweep/solidDuration,/pn/sweep/solidDuration,
sweep.solidHold,Sólido: se queda (s),sweep,float,0 .. 8,0.8,/p/sweep/solidHold,/pn/sweep/solidHold,
sweep.solidFade,Sólido: se apaga (s),sweep,float,0.05 .. 4,0.5,/p/sweep/solidFade,/pn/sweep/solidFade,
sweep.dirBlue,Sentido azul,sweep,enum,down | up | random,down,/p/sweep/dirBlue,/pn/sweep/dirBlue,
sweep.dirWhite,Sentido blanco,sweep,enum,down | up | random,up,/p/sweep/dirWhite,/pn/sweep/dirWhite,
sweep.dirSolid,Sentido sólido,sweep,enum,down | up | random,random,/p/sweep/dirSolid,/pn/sweep/dirSolid,
sweep.blueColor,Azul,sweep,color,hex #RRGGBB,#0000C8,/p/sweep/blueColor,/pn/sweep/blueColor,
sweep.whiteColor,Blanco,sweep,color,hex #RRGGBB,#C8C8C8,/p/sweep/whiteColor,/pn/sweep/whiteColor,
sweep.avoidRepeat,No repetir bloque,sweep,bool,false | true,true,/p/sweep/avoidRepeat,/pn/sweep/avoidRepeat,
frame.opacity,Marco,frame,float,0 .. 1,0,/p/frame/opacity,/pn/frame/opacity,
frame.thickness,Grosor (px),frame,int,1 .. 60,10,/p/frame/thickness,/pn/frame/thickness,
frame.color,Color,frame,color,hex #RRGGBB,#7A0000,/p/frame/color,/pn/frame/color,
line.opacity,Línea,line,float,0 .. 1,0,/p/line/opacity,/pn/line/opacity,
line.mode,Modo,line,enum,strike | loop,strike,/p/line/mode,/pn/line/mode,
line.width,Ancho (px),line,int,1 .. 20,3,/p/line/width,/pn/line/width,
line.speed,Velocidad (px/s),line,float,0 .. 600,30,/p/line/speed,/pn/line/speed,
line.direction,Sentido,line,int,-1 .. 1,1,/p/line/direction,/pn/line/direction,
line.orientation,Orientación,line,enum,vertical | horizontal,vertical,/p/line/orientation,/pn/line/orientation,
line.strikeTime,Caída (s),line,float,0.02 .. 1,0.12,/p/line/strikeTime,/pn/line/strikeTime,
line.fadeOut,Apagado (s),line,float,0 .. 2,0.3,/p/line/fadeOut,/pn/line/fadeOut,
line.maxLines,Líneas simultáneas,line,int,1 .. 8,1,/p/line/maxLines,/pn/line/maxLines,
line.wrap,Wrap (modo loop),line,bool,false | true,true,/p/line/wrap,/pn/line/wrap,
line.x,Posición,line,float,0 .. 2688,0,/p/line/x,/pn/line/x,
layer3d.opacity,Capa 3D,layer3d,float,0 .. 1,0,/p/layer3d/opacity,/pn/layer3d/opacity,
camera.eyeX,Ojo X (m),camera,float,-4 .. 4,0,/p/camera/eyeX,/pn/camera/eyeX,
camera.eyeY,Ojo Y (m),camera,float,0 .. 3,1,/p/camera/eyeY,/pn/camera/eyeY,
camera.eyeZ,Ojo Z (m),camera,float,1 .. 10,4,/p/camera/eyeZ,/pn/camera/eyeZ,
light.ambient,Ambiente,light,float,0 .. 3,0.32,/p/light/ambient,/pn/light/ambient,
light.ambientColor,Color ambiente,light,color,hex #RRGGBB,#8899BB,/p/light/ambientColor,/pn/light/ambientColor,
light.key,Luz principal,light,float,0 .. 10,3.2,/p/light/key,/pn/light/key,
light.keyColor,Color principal,light,color,hex #RRGGBB,#FFFFFF,/p/light/keyColor,/pn/light/keyColor,
light.keyX,Principal X (m),light,float,-8 .. 8,-2.5,/p/light/keyX,/pn/light/keyX,
light.keyY,Principal Y (m),light,float,0 .. 8,4,/p/light/keyY,/pn/light/keyY,
light.keyZ,Principal Z (m),light,float,-8 .. 8,2.5,/p/light/keyZ,/pn/light/keyZ,
light.fill,Relleno,light,float,0 .. 10,0.8,/p/light/fill,/pn/light/fill,
light.fillColor,Color relleno,light,color,hex #RRGGBB,#4466AA,/p/light/fillColor,/pn/light/fillColor,
floor.opacity,Piso,floor,float,0 .. 1,0,/p/floor/opacity,/pn/floor/opacity,
floor.brightness,Brillo,floor,float,0 .. 1,1,/p/floor/brightness,/pn/floor/brightness,
floor.laneSpacing,Separación carriles (m),floor,float,0.1 .. 3,0.7,/p/floor/laneSpacing,/pn/floor/laneSpacing,
floor.dashLength,Largo dash (m),floor,float,0.05 .. 3,0.385,/p/floor/dashLength,/pn/floor/dashLength,
floor.dashPeriod,Período dash (m),floor,float,0.1 .. 6,1.1,/p/floor/dashPeriod,/pn/floor/dashPeriod,
floor.dashWidth,Ancho dash (m),floor,float,0.01 .. 0.5,0.105,/p/floor/dashWidth,/pn/floor/dashWidth,
floor.dashHeight,Alto dash (m),floor,float,0.002 .. 0.3,0.021,/p/floor/dashHeight,/pn/floor/dashHeight,
floor.scrollSpeed,Avance (m/s),floor,float,-5 .. 5,0.6,/p/floor/scrollSpeed,/pn/floor/scrollSpeed,
floor.revealDuration,Duración aparición (s),floor,float,0.1 .. 20,4,/p/floor/revealDuration,/pn/floor/revealDuration,
floor.fadeFar,Alcance (m),floor,float,5 .. 120,60,/p/floor/fadeFar,/pn/floor/fadeFar,
floor.revealDist,Alcance actual (m),floor,float,0 .. 120,0,/p/floor/revealDist,/pn/floor/revealDist,
box.visible,Aristas,box,float,0 .. 1,0,/p/box/visible,/pn/box/visible,
box.enabled,Límite activo,box,bool,false | true,true,/p/box/enabled,/pn/box/enabled,
box.preset,Posición,box,enum,left | center | right,center,/p/box/preset,/pn/box/preset,
box.x,X (m),box,float,-6 .. 6,0,/p/box/x,/pn/box/x,
box.y,Y (m),box,float,0 .. 4,1.5,/p/box/y,/pn/box/y,
box.z,Z (m),box,float,-5 .. 0,-1.84,/p/box/z,/pn/box/z,
box.width,Ancho (m),box,float,0.5 .. 11,2.6,/p/box/width,/pn/box/width,
box.height,Alto (m),box,float,0.5 .. 8,3,/p/box/height,/pn/box/height,
box.depth,Profundidad (m),box,float,0.5 .. 8,2.6,/p/box/depth,/pn/box/depth,
box.yaw,Giro Y (°),box,float,-180 .. 180,45,/p/box/yaw,/pn/box/yaw,
box.yawSpeed,Giro continuo (°/s),box,float,-90 .. 90,0,/p/box/yawSpeed,/pn/box/yawSpeed,
box.wallStiffness,Rigidez pared,box,float,0 .. 2,0.3,/p/box/wallStiffness,/pn/box/wallStiffness,
box.wallMaxPush,Empuje máximo,box,float,0 .. 40,1,/p/box/wallMaxPush,/pn/box/wallMaxPush,
box.hardClamp,Clamp duro,box,bool,false | true,false,/p/box/hardClamp,/pn/box/hardClamp,
box.wallBounce,Rebote en la pared,box,float,0 .. 1,0.2,/p/box/wallBounce,/pn/box/wallBounce,
box.flicker,Titileo,box,bool,false | true,false,/p/box/flicker,/pn/box/flicker,
box.flickerRate,Titileo (Hz),box,float,0.5 .. 30,8,/p/box/flickerRate,/pn/box/flickerRate,
box.flickerDuty,Titileo duty,box,float,0 .. 1,0.5,/p/box/flickerDuty,/pn/box/flickerDuty,
box.color,Color,box,color,hex #RRGGBB,#FFFFFF,/p/box/color,/pn/box/color,
box.growDuration,Crecer desde la base (s),box,float,0 .. 8,0,/p/box/growDuration,/pn/box/growDuration,
redBlock.opacity,Bloque rojo,redBlock,float,0 .. 1,0,/p/redBlock/opacity,/pn/redBlock/opacity,
redBlock.side,Lado,redBlock,enum,left | right,left,/p/redBlock/side,/pn/redBlock/side,
redBlock.x,X (m),redBlock,float,0 .. 6,3.3,/p/redBlock/x,/pn/redBlock/x,
redBlock.z,Z (m),redBlock,float,-5 .. 0,-1,/p/redBlock/z,/pn/redBlock/z,
redBlock.width,Ancho (m),redBlock,float,0.2 .. 12,3.2,/p/redBlock/width,/pn/redBlock/width,
redBlock.height,Alto (m),redBlock,float,0.2 .. 16,7,/p/redBlock/height,/pn/redBlock/height,
redBlock.y,Centro Y (m),redBlock,float,-4 .. 6,1.5,/p/redBlock/y,/pn/redBlock/y,
redBlock.yaw,Giro (°),redBlock,float,-90 .. 90,20,/p/redBlock/yaw,/pn/redBlock/yaw,
redBlock.color,Color,redBlock,color,hex #RRGGBB,#B00000,/p/redBlock/color,/pn/redBlock/color,
redBlock.attract,Atracción,redBlock,float,0 .. 400,0,/p/redBlock/attract,/pn/redBlock/attract,
redBlock.attractRadius,Radio atracción (m),redBlock,float,0.2 .. 12,5,/p/redBlock/attractRadius,/pn/redBlock/attractRadius,
redBlock.attractDir,Dirección vs. punto,redBlock,float,0 .. 1,1,/p/redBlock/attractDir,/pn/redBlock/attractDir,
redBlock.attractPulse,Pulso de la fuerza,redBlock,float,0 .. 2,0,/p/redBlock/attractPulse,/pn/redBlock/attractPulse,
redBlock.attractPulseRate,Pulso (Hz),redBlock,float,0.2 .. 30,2,/p/redBlock/attractPulseRate,/pn/redBlock/attractPulseRate,
redBlock.vibrate,Vibración (m),redBlock,float,0 .. 0.8,0,/p/redBlock/vibrate,/pn/redBlock/vibrate,
redBlock.vibrateRate,Vibración (Hz),redBlock,float,0.5 .. 40,17,/p/redBlock/vibrateRate,/pn/redBlock/vibrateRate,
redBlock.flicker,Titileo del rojo,redBlock,float,0 .. 1,0,/p/redBlock/flicker,/pn/redBlock/flicker,
redBlock.flickerRate,Titileo (Hz),redBlock,float,0.2 .. 30,9,/p/redBlock/flickerRate,/pn/redBlock/flickerRate,
orb.opacity,Orbe,orb,float,0 .. 1,0,/p/orb/opacity,/pn/orb/opacity,
orb.color,Color,orb,color,hex #RRGGBB,#66E0FF,/p/orb/color,/pn/orb/color,
orb.pull,Atracción,orb,float,0 .. 300,90,/p/orb/pull,/pn/orb/pull,
orb.radius,Radio atracción (m),orb,float,0.3 .. 8,3.2,/p/orb/radius,/pn/orb/radius,
orb.light,Luz,orb,float,0 .. 60,22,/p/orb/light,/pn/orb/light,
orb.lightRange,Alcance de la luz (m),orb,float,0.5 .. 14,6,/p/orb/lightRange,/pn/orb/lightRange,
orb.darken,Apagado de los palitos,orb,float,0 .. 1,1,/p/orb/darken,/pn/orb/darken,
orb.darkenRadius,Radio del apagado (m),orb,float,0.3 .. 8,2,/p/orb/darkenRadius,/pn/orb/darkenRadius,
orb.darkenJitter,Dispersión del apagado,orb,float,0 .. 1,0.5,/p/orb/darkenJitter,/pn/orb/darkenJitter,
orb.core,Núcleo visible,orb,float,0 .. 1,1,/p/orb/core,/pn/orb/core,
orb.size,Tamaño del núcleo (m),orb,float,0.02 .. 1,0.16,/p/orb/size,/pn/orb/size,
orb.bloom,Bloom,orb,float,0 .. 1,1,/p/orb/bloom,/pn/orb/bloom,
orb.x,Centro X (m),orb,float,-5 .. 5,0,/p/orb/x,/pn/orb/x,
orb.y,Centro Y (m),orb,float,0 .. 5,1.5,/p/orb/y,/pn/orb/y,
orb.z,Centro Z (m),orb,float,-5 .. 0,-1.8,/p/orb/z,/pn/orb/z,
orb.travelX,Paseo X (m),orb,float,0 .. 5,2.8,/p/orb/travelX,/pn/orb/travelX,
orb.travelY,Paseo Y (m),orb,float,0 .. 3,0.7,/p/orb/travelY,/pn/orb/travelY,
orb.travelZ,Paseo Z (m),orb,float,0 .. 3,1.1,/p/orb/travelZ,/pn/orb/travelZ,
orb.travelRate,Paseo (Hz),orb,float,0.01 .. 1,0.09,/p/orb/travelRate,/pn/orb/travelRate,
orb.attack,Ataque (s),orb,float,0 .. 1.5,0.15,/p/orb/attack,/pn/orb/attack,
orb.decay,Caída (s),orb,float,0.1 .. 12,3,/p/orb/decay,/pn/orb/decay,
orb.push,Empujón al soltar,orb,float,0 .. 1.5,0.8,/p/orb/push,/pn/orb/push,
orb.auto,Automático (Hz),orb,float,0 .. 2,0,/p/orb/auto,/pn/orb/auto,
debris.opacity,Esquirlas,debris,float,0 .. 1,0,/p/debris/opacity,/pn/debris/opacity,
debris.count,Por impacto,debris,int,0 .. 300,60,/p/debris/count,/pn/debris/count,
debris.size,Tamaño (m),debris,float,0.01 .. 0.3,0.06,/p/debris/size,/pn/debris/size,
debris.speed,Velocidad (m/s),debris,float,0 .. 40,11,/p/debris/speed,/pn/debris/speed,
debris.lifetime,Duración (s),debris,float,0.05 .. 10,0.35,/p/debris/lifetime,/pn/debris/lifetime,
debris.fadeFraction,Fracción de fade,debris,float,0.05 .. 1,1,/p/debris/fadeFraction,/pn/debris/fadeFraction,
debris.spread,Apertura (0=vertical),debris,float,0 .. 1,0.7,/p/debris/spread,/pn/debris/spread,
debris.drag,Frenado (1/s),debris,float,0 .. 30,6,/p/debris/drag,/pn/debris/drag,
debris.floorCollision,Choca con el piso,debris,bool,false | true,false,/p/debris/floorCollision,/pn/debris/floorCollision,
debris.gravity,Gravedad,debris,float,0 .. 20,0,/p/debris/gravity,/pn/debris/gravity,
debris.bounce,Rebote,debris,float,0 .. 1,0.4,/p/debris/bounce,/pn/debris/bounce,
debris.friction,Fricción,debris,float,0 .. 1,0.9,/p/debris/friction,/pn/debris/friction,
rays.enabled,Rayos,rays,bool,false | true,false,/p/rays/enabled,/pn/rays/enabled,
rays.opacity,Opacidad,rays,float,0 .. 1,0,/p/rays/opacity,/pn/rays/opacity,
rays.fallSpeed,Velocidad (m/s),rays,float,0.5 .. 30,6,/p/rays/fallSpeed,/pn/rays/fallSpeed,
rays.length,Largo (m),rays,float,0.1 .. 4,0.8,/p/rays/length,/pn/rays/length,
rays.width,Ancho (m),rays,float,0.002 .. 0.5,0.042,/p/rays/width,/pn/rays/width,
rays.lightIntensity,Luz del rayo,rays,float,0 .. 30,8,/p/rays/lightIntensity,/pn/rays/lightIntensity,
rays.lightRange,Alcance de luz (m),rays,float,0.1 .. 6,2.6,/p/rays/lightRange,/pn/rays/lightRange,
rays.startY,Altura inicial (m),rays,float,3 .. 8,4.5,/p/rays/startY,/pn/rays/startY,
rays.zMin,Z mínimo (m),rays,float,-5 .. 0,-2.5,/p/rays/zMin,/pn/rays/zMin,
rays.zMax,Z máximo (m),rays,float,-5 .. 0,-0.5,/p/rays/zMax,/pn/rays/zMax,
rays.repelRadius,Radio repulsión (m),rays,float,0.1 .. 5,2.2,/p/rays/repelRadius,/pn/rays/repelRadius,
rays.repelStrength,Fuerza repulsión,rays,float,0 .. 400,70,/p/rays/repelStrength,/pn/rays/repelStrength,
rays.impactRadius,Radio impacto (m),rays,float,0.1 .. 6,3.6,/p/rays/impactRadius,/pn/rays/impactRadius,
rays.impactStrength,Fuerza impacto,rays,float,0 .. 400,160,/p/rays/impactStrength,/pn/rays/impactStrength,
rays.impactTime,Duración del impacto (s),rays,float,0.1 .. 1.5,0.55,/p/rays/impactTime,/pn/rays/impactTime,
rays.bloom,Bloom,rays,float,0 .. 4,1,/p/rays/bloom,/pn/rays/bloom,
rays.color,Color,rays,color,hex #RRGGBB,#FFFFFF,/p/rays/color,/pn/rays/color,
particles.opacity,Partículas,particles,float,0 .. 1,0,/p/particles/opacity,/pn/particles/opacity,
particles.count,Cantidad,particles,int,4096 .. 524288,131072,/p/particles/count,/pn/particles/count,
particles.fraction,Fracción de palitos,particles,float,0.02 .. 1,1,/p/particles/fraction,/pn/particles/fraction,
particles.baseColor,Color base,particles,color,hex #RRGGBB,#FF0000,/p/particles/baseColor,/pn/particles/baseColor,
particles.altColor,Color alterno,particles,color,hex #RRGGBB,#0000FF,/p/particles/altColor,/pn/particles/altColor,
particles.blackChance,Probabilidad mitad negra,particles,float,0 .. 1,0,/p/particles/blackChance,/pn/particles/blackChance,
particles.blackHalf,Mitad negra activa,particles,bool,false | true,false,/p/particles/blackHalf,/pn/particles/blackHalf,
particles.blackSeed,Selección negra,particles,int,0 .. 65535,0,/p/particles/blackSeed,/pn/particles/blackSeed,
particles.blackAllChance,Probabilidad negro total,particles,float,0 .. 1,0.22,/p/particles/blackAllChance,/pn/particles/blackAllChance,
particles.blackAll,Negro total activo,particles,bool,false | true,false,/p/particles/blackAll,/pn/particles/blackAll,
particles.whiteEnabled,Blanco por velocidad,particles,bool,false | true,true,/p/particles/whiteEnabled,/pn/particles/whiteEnabled,
particles.whiteSpeedMin,Blanco desde,particles,float,0 .. 20,2,/p/particles/whiteSpeedMin,/pn/particles/whiteSpeedMin,
particles.whiteSpeedMax,Blanco hasta,particles,float,0 .. 40,7,/p/particles/whiteSpeedMax,/pn/particles/whiteSpeedMax,
particles.size,Tamaño,particles,float,0.5 .. 6,2,/p/particles/size,/pn/particles/size,
particles.length,Largo,particles,float,0.02 .. 4,1,/p/particles/length,/pn/particles/length,
particles.speed,Velocidad sim,particles,float,0 .. 2,0.8,/p/particles/speed,/pn/particles/speed,
particles.turbulence,Turbulencia,particles,float,0 .. 2,0.6,/p/particles/turbulence,/pn/particles/turbulence,
particles.turbulenceScale,Escala turbulencia,particles,float,0.005 .. 0.05,0.015,/p/particles/turbulenceScale,/pn/particles/turbulenceScale,
particles.turbulenceSpeed,Vel. turbulencia,particles,float,0 .. 2,0.5,/p/particles/turbulenceSpeed,/pn/particles/turbulenceSpeed,
particles.density,Densidad,particles,float,0.15 .. 2,0.4,/p/particles/density,/pn/particles/density,
particles.stiffness,Rigidez,particles,float,0.5 .. 10,3,/p/particles/stiffness,/pn/particles/stiffness,
particles.viscosity,Viscosidad,particles,float,0.01 .. 0.4,0.1,/p/particles/viscosity,/pn/particles/viscosity,
particles.gravityY,Gravedad Y,particles,float,-1 .. 1,0,/p/particles/gravityY,/pn/particles/gravityY,
particles.bloom,Bloom,particles,float,0 .. 1,1,/p/particles/bloom,/pn/particles/bloom,
particles.raysOnly,Iluminar sólo con rayos,particles,bool,false | true,false,/p/particles/raysOnly,/pn/particles/raysOnly,
particles.ageGrow,Crecer con la edad (s),particles,float,0.05 .. 6,1.2,/p/particles/ageGrow,/pn/particles/ageGrow,
particles.sizeJitter,Variación de tamaño,particles,float,0 .. 1,0.45,/p/particles/sizeJitter,/pn/particles/sizeJitter,
particles.taper,Punta (cola más fina),particles,float,0 .. 0.95,0.55,/p/particles/taper,/pn/particles/taper,
particles.headTail,Degradado cabeza/cola,particles,float,0 .. 1,0.5,/p/particles/headTail,/pn/particles/headTail,
particles.whiteJitter,Dispersión del blanco,particles,float,0 .. 2,0.7,/p/particles/whiteJitter,/pn/particles/whiteJitter,
particles.roughness,Rugosidad,particles,float,0 .. 1,0.55,/p/particles/roughness,/pn/particles/roughness,
particles.metalness,Metalicidad,particles,float,0 .. 1,0,/p/particles/metalness,/pn/particles/metalness,
particles.emissive,Emisión propia,particles,float,0 .. 2,0.08,/p/particles/emissive,/pn/particles/emissive,
particles.speedSmooth,Suavizado de velocidad (1/s),particles,float,0.5 .. 40,6,/p/particles/speedSmooth,/pn/particles/speedSmooth,
particles.turnRate,Giro del palito (1/s),particles,float,0.5 .. 40,8,/p/particles/turnRate,/pn/particles/turnRate,
particles.flicker,Titileo,particles,float,0 .. 1,0,/p/particles/flicker,/pn/particles/flicker,
particles.flickerRate,Titileo (Hz),particles,float,0.1 .. 40,9,/p/particles/flickerRate,/pn/particles/flickerRate,
particles.birthTime,Nacimiento (s),particles,float,0 .. 8,0,/p/particles/birthTime,/pn/particles/birthTime,
particles.birthAxis,Eje del nacimiento,particles,enum,y | x | z | radial,y,/p/particles/birthAxis,/pn/particles/birthAxis,
particles.birthSpread,Desorden del frente,particles,float,0 .. 1,0.35,/p/particles/birthSpread,/pn/particles/birthSpread,
particles.flowX,Flujo X,particles,float,-3 .. 3,0,/p/particles/flowX,/pn/particles/flowX,
particles.flowY,Flujo Y,particles,float,-3 .. 3,0,/p/particles/flowY,/pn/particles/flowY,
particles.flowZ,Flujo Z,particles,float,-3 .. 3,0,/p/particles/flowZ,/pn/particles/flowZ,
particles.drag,Rozamiento,particles,float,0 .. 1,0,/p/particles/drag,/pn/particles/drag,
particles.wrapMode,Emisión continua,particles,enum,off | vertical | horizontal | radial,off,/p/particles/wrapMode,/pn/particles/wrapMode,
particles.wrapTop,Margen fuera de cuadro (m),particles,float,0 .. 4,0.5,/p/particles/wrapTop,/pn/particles/wrapTop,
particles.emitSpread,Alto del emisor (m),particles,float,0 .. 2,0.4,/p/particles/emitSpread,/pn/particles/emitSpread,
particles.kickAmount,Golpe,particles,float,0 .. 3,1,/p/particles/kickAmount,/pn/particles/kickAmount,
particles.kickDecay,Caída del golpe (s),particles,float,0.05 .. 3,0.4,/p/particles/kickDecay,/pn/particles/kickDecay,
particles.localPushAmount,Empuje local,particles,float,0 .. 120,40,/p/particles/localPushAmount,/pn/particles/localPushAmount,
particles.localPushRadiusMin,Empuje radio mínimo (m),particles,float,0.2 .. 3,0.65,/p/particles/localPushRadiusMin,/pn/particles/localPushRadiusMin,
particles.localPushRadiusMax,Empuje radio máximo (m),particles,float,0.2 .. 4,1.5,/p/particles/localPushRadiusMax,/pn/particles/localPushRadiusMax,
particles.localPushDecay,Empuje caída (s),particles,float,0.05 .. 2,0.4,/p/particles/localPushDecay,/pn/particles/localPushDecay,
vortex.swirl,Torbellino giro (− = al revés),vortex,float,-30 .. 30,0,/p/vortex/swirl,/pn/vortex/swirl,
vortex.pull,Torbellino atracción (− = repele),vortex,float,-60 .. 60,0,/p/vortex/pull,/pn/vortex/pull,
vortex.lift,Torbellino ascenso,vortex,float,-2 .. 2,0,/p/vortex/lift,/pn/vortex/lift,
vortex.radius,Torbellino radio (m),vortex,float,0.2 .. 6,2,/p/vortex/radius,/pn/vortex/radius,
vortex.outwardDamping,Cohesión radial,vortex,float,0 .. 1,0,/p/vortex/outwardDamping,/pn/vortex/outwardDamping,
vortex.response,Transformación directa (1/s),vortex,float,0 .. 60,0,/p/vortex/response,/pn/vortex/response,
vortex.cutoff,Torbellino corte (× radio),vortex,float,0 .. 8,0,/p/vortex/cutoff,/pn/vortex/cutoff,
vortex.x,Torbellino X (m),vortex,float,-4 .. 4,0,/p/vortex/x,/pn/vortex/x,
vortex.z,Torbellino Z (m),vortex,float,-5 .. 0,-1.84,/p/vortex/z,/pn/vortex/z,
vortex.axis,Eje del torbellino,vortex,enum,y | x | z,y,/p/vortex/axis,/pn/vortex/axis,
vortex.y,Torbellino Y (m),vortex,float,0 .. 5,1.5,/p/vortex/y,/pn/vortex/y,
vortex.travelX,Paseo X (m),vortex,float,0 .. 4,0,/p/vortex/travelX,/pn/vortex/travelX,
vortex.travelZ,Paseo Z (m),vortex,float,0 .. 2,0,/p/vortex/travelZ,/pn/vortex/travelZ,
vortex.travelRate,Paseo (Hz),vortex,float,0 .. 0.5,0.05,/p/vortex/travelRate,/pn/vortex/travelRate,
vortex.strobe,Estrobo,vortex,float,0 .. 1,0,/p/vortex/strobe,/pn/vortex/strobe,
vortex.strobeRate,Estrobo (Hz),vortex,float,0.2 .. 40,10,/p/vortex/strobeRate,/pn/vortex/strobeRate,
vortex.strobeDuty,Estrobo duty,vortex,float,0.05 .. 0.95,0.4,/p/vortex/strobeDuty,/pn/vortex/strobeDuty,
field.amount,Campo fuerza,field,float,0 .. 6,0,/p/field/amount,/pn/field/amount,
field.align,Campo alineación (1/s),field,float,0 .. 12,0,/p/field/align,/pn/field/align,
field.scale,Campo escala,field,float,0.002 .. 0.06,0.012,/p/field/scale,/pn/field/scale,
field.speed,Campo velocidad,field,float,0 .. 3,0.35,/p/field/speed,/pn/field/speed,
field.sectors,Sectores,field,int,1 .. 5,3,/p/field/sectors,/pn/field/sectors,
field.variation,Variación entre sectores,field,float,0 .. 1,0.7,/p/field/variation,/pn/field/variation,
field.speedSpread,Dif. de velocidad,field,float,0 .. 1,0.5,/p/field/speedSpread,/pn/field/speedSpread,
fluids.audioMode,Audio del show (web = desde la página),fluids,enum,web | external,web,/p/fluids/audioMode,/pn/fluids/audioMode,
fluids.volume,Volumen del track,fluids,float,0 .. 1,1,/p/fluids/volume,/pn/fluids/volume,
fluids.gain,Ganancia de luz · Fluids,fluids,float,0.4 .. 2.5,1.25,/p/fluids/gain,/pn/fluids/gain,
fluids.supersample,Supersampling (2 = sin rayado),fluids,float,1 .. 2,2,/p/fluids/supersample,/pn/fluids/supersample,
fluids.live.emission,Emisión · motor libre (sin escena),fluids.live,float,0 .. 0.25,0.018,/p/fluids/live/emission,/pn/fluids/live/emission,
fluids.live.x,Emisor X · motor libre (sin escena),fluids.live,float,0 .. 1,0.5,/p/fluids/live/x,/pn/fluids/live/x,
fluids.live.y,Emisor Y · motor libre (sin escena),fluids.live,float,0 .. 1,0.5,/p/fluids/live/y,/pn/fluids/live/y,
fluids.live.hue,Color del emisor · motor libre (sin escena),fluids.live,float,0 .. 1,0,/p/fluids/live/hue,/pn/fluids/live/hue,
fluids.live.gravity,Gravedad · motor libre (sin escena),fluids.live,float,-1 .. 1,0,/p/fluids/live/gravity,/pn/fluids/live/gravity,
fluids.live.viscosity,Viscosidad · motor libre (sin escena),fluids.live,float,0 .. 1,0.5,/p/fluids/live/viscosity,/pn/fluids/live/viscosity,
fluids.live.cohesion,Cohesión · motor libre (sin escena),fluids.live,float,0 .. 1,0.5,/p/fluids/live/cohesion,/pn/fluids/live/cohesion,
fluids.live.light,Luz · motor libre (sin escena),fluids.live,float,0 .. 3,1,/p/fluids/live/light,/pn/fluids/live/light,
fluids.live.forceX,Fuerza X · motor libre (sin escena),fluids.live,float,-1 .. 1,0,/p/fluids/live/forceX,/pn/fluids/live/forceX,
fluids.live.forceY,Fuerza Y · motor libre (sin escena),fluids.live,float,-1 .. 1,0,/p/fluids/live/forceY,/pn/fluids/live/forceY,
fluids.seq.gravity,Gravedad (curva) · final reactivo (26),fluids.seq,float,-1 .. 1,0,/p/fluids/seq/gravity,/pn/fluids/seq/gravity,
fluids.seq.cohesion,Atasco (curva) · final reactivo (26),fluids.seq,float,0 .. 1,0.62,/p/fluids/seq/cohesion,/pn/fluids/seq/cohesion,
fluids.seq.viscosity,Viscosidad (curva) · final reactivo (26),fluids.seq,float,0 .. 1,1,/p/fluids/seq/viscosity,/pn/fluids/seq/viscosity,
fluids.seq.light,Luz de las partículas (curva) · final reactivo (26),fluids.seq,float,0 .. 1,1,/p/fluids/seq/light,/pn/fluids/seq/light,
fluids.seq.exposure,Exposición (curva) · final reactivo (26),fluids.seq,float,0 .. 2,1.2,/p/fluids/seq/exposure,/pn/fluids/seq/exposure,
fluids.seq.bodies,Cuerpos (curva) · final reactivo (26),fluids.seq,float,0 .. 1,0.15,/p/fluids/seq/bodies,/pn/fluids/seq/bodies,
fluids.seq.grid,"Losetas todas chicas (> 0,5) · final reactivo (26)",fluids.seq,float,0 .. 1,0,/p/fluids/seq/grid,/pn/fluids/seq/grid,
fluids.seq.mono,Monocromo · final reactivo (26),fluids.seq,float,0 .. 1,1,/p/fluids/seq/mono,/pn/fluids/seq/mono,
fluids.seq.tileLife,Vida de las losetas y del congelado (negras) · final reactivo (26),fluids.seq,float,0.25 .. 32,4,/p/fluids/seq/tileLife,/pn/fluids/seq/tileLife,
fluids.seq.amb,amb 1 sostenido → glow azul · final reactivo (26),fluids.seq,float,0 .. 1,0,/p/fluids/seq/amb,/pn/fluids/seq/amb,Cualquier nota ch11
fluids.seq.attract,atractor sostenido (canal 3) · final reactivo (26),fluids.seq,float,0 .. 1,0,/p/fluids/seq/attract,/pn/fluids/seq/attract,Cualquier nota ch3
scene.goto,Ir a escena,scene,accion,id de escena,,/a/scene/goto,,Nota 1 ch10 + Nota 2 ch10 + Nota 3 ch10 + Nota 4 ch10 + Nota 5 ch10 + Nota 6 ch10 + Nota 7 ch10 + Nota 8 ch10 + Nota 9 ch10 + Nota 10 ch10 + Nota 11 ch10 + Nota 12 ch10 + Nota 13 ch10 + Nota 14 ch10 + Nota 15 ch10 + Nota 16 ch10 + Nota 17 ch10 + Nota 18 ch10 + Nota 19 ch10 + Nota 20 ch10 + Nota 21 ch10 + Nota 22 ch10 + Nota 23 ch10 + Nota 24 ch10 + Nota 25 ch10 + Nota 26 ch10 + Nota 27 ch10 + Nota 28 ch10 + Nota 29 ch10
scene.next,Escena siguiente,scene,accion,,,/a/scene/next,,
scene.prev,Escena anterior,scene,accion,,,/a/scene/prev,,
warning.pulse,Pulso de fondo,warning,accion,,,/a/warning/pulse,,
warning.bgOff,Apagar fondo (1b),warning,accion,,,/a/warning/bgOff,,
warning.bgOn,Prender fondo,warning,accion,,,/a/warning/bgOn,,
grid.b1.toggle,Bloque 1 on/off,grid,accion,,,/a/grid/b1/toggle,,
grid.b1.flip,Bloque 1 invertir,grid,accion,,,/a/grid/b1/flip,,
grid.b1.nudge,Bloque 1 corrimiento,grid,accion,v | h | ambos | random | px,,/a/grid/b1/nudge,,
grid.b2.toggle,Bloque 2 on/off,grid,accion,,,/a/grid/b2/toggle,,
grid.b2.flip,Bloque 2 invertir,grid,accion,,,/a/grid/b2/flip,,
grid.b2.nudge,Bloque 2 corrimiento,grid,accion,v | h | ambos | random | px,,/a/grid/b2/nudge,,
grid.b3.toggle,Bloque 3 on/off,grid,accion,,,/a/grid/b3/toggle,,
grid.b3.flip,Bloque 3 invertir,grid,accion,,,/a/grid/b3/flip,,
grid.b3.nudge,Bloque 3 corrimiento,grid,accion,v | h | ambos | random | px,,/a/grid/b3/nudge,,
grid.b4.toggle,Bloque 4 on/off,grid,accion,,,/a/grid/b4/toggle,,
grid.b4.flip,Bloque 4 invertir,grid,accion,,,/a/grid/b4/flip,,
grid.b4.nudge,Bloque 4 corrimiento,grid,accion,v | h | ambos | random | px,,/a/grid/b4/nudge,,
grid.b5.toggle,Bloque 5 on/off,grid,accion,,,/a/grid/b5/toggle,,
grid.b5.flip,Bloque 5 invertir,grid,accion,,,/a/grid/b5/flip,,
grid.b5.nudge,Bloque 5 corrimiento,grid,accion,v | h | ambos | random | px,,/a/grid/b5/nudge,,
grid.toggleAll,Todas on/off,grid,accion,,,/a/grid/toggleAll,,
grid.visibilityRandom,Cambiar bloques visibles al azar,grid,accion,,,/a/grid/visibilityRandom,,Nota 0 ch1
grid.nudge,Corrimiento suave (todas),grid,accion,v | h | ambos | random | px,,/a/grid/nudge,,
grid.nudgeRandom,Corrimiento aleatorio por bloques,grid,accion,,,/a/grid/nudgeRandom,,Cualquier nota ch6 + Nota 41 ch2
grid.randomize,Offsets al azar (suave),grid,accion,,,/a/grid/randomize,,
grid.offsetReset,Volver los offsets a cero,grid,accion,,,/a/grid/offsetReset,,
grid.reveal,Cargar grilla,grid,accion,duración en s (opcional),,/a/grid/reveal,,
grid.reveal.cancel,Completar carga de grilla,grid,accion,,,/a/grid/reveal/cancel,,
sweep.blue,Barrido azul (6),sweep,accion,random | 1..5,,/a/sweep/blue,,Nota 48 ch8 + Nota 44 ch2
sweep.white,Barrido blanco (6b),sweep,accion,random | 1..5,,/a/sweep/white,,Nota 51 ch8 + Nota 39 ch2
sweep.solid,Bloque sólido (6c),sweep,accion,random | 1..5,,/a/sweep/solid,,Nota 24 ch4 + Nota 36 ch7
line.strike,Disparar línea,line,accion,edge | center | random | px,,/a/line/strike,,Nota 33 ch4
line.flip,Invertir sentido (2b),line,accion,,,/a/line/flip,,Nota 36 ch2
line.rotate,Girar 90°,line,accion,,,/a/line/rotate,,
line.hide,Apagar línea,line,accion,,,/a/line/hide,,
floor.reveal,Extender piso,floor,accion,,,/a/floor/reveal,,
floor.hide,Retraer piso,floor,accion,,,/a/floor/hide,,
box.grow,Crecer desde la base,box,accion,,,/a/box/grow,,
orb.flash,Aparecer,orb,accion,,,/a/orb/flash,,
ray.spawn,Disparar rayo,rays,accion,random | left | center | right | número,,/a/ray/spawn,,Nota 0 ch1
particles.colorFlip,Alternar color,particles,accion,,,/a/particles/colorFlip,,
particles.colorKickRandom,Kick rojo/azul/negro,particles,accion,,,/a/particles/colorKickRandom,,Nota 0 ch1
particles.resetInBox,Reubicar en la caja,particles,accion,,,/a/particles/resetInBox,,
particles.fillColumn,Llenar la columna de flujo,particles,accion,,,/a/particles/fillColumn,,
particles.kick,Golpe de turbulencia,particles,accion,,,/a/particles/kick,,Nota 0 ch1
particles.localPush,Empujar zona al azar,particles,accion,,,/a/particles/localPush,,Nota 43 ch2
vortex.axisFlipXY,Alternar eje Y/X,vortex,accion,,,/a/vortex/axisFlipXY,,Nota 0 ch1
fluids.arm,Preparar motor Fluids,fluids,accion,,,/a/fluids/arm,,
fluids.standby,Previa · escena 24,fluids,accion,,,/a/fluids/standby,,
fluids.play,Play · escena 25,fluids,accion,,,/a/fluids/play,,
fluids.pause,Pausa · escena 25,fluids,accion,,,/a/fluids/pause,,
fluids.restart,Reiniciar · escena 25,fluids,accion,,,/a/fluids/restart,,
fluids.seek,Buscar · escena 25,fluids,accion,segundos,,/a/fluids/seek,,
fluids.live,Final reactivo · escena 26,fluids,accion,,,/a/fluids/live,,
fluids.live.burst,Ráfaga · motor libre,fluids.live,accion,cantidad de partículas,,/a/fluids/live/burst,,
fluids.live.attractor,Atractor · motor libre,fluids.live,accion,,,/a/fluids/live/attractor,,
fluids.live.reset,Reiniciar fluido · motor libre,fluids.live,accion,,,/a/fluids/live/reset,,
fluids.seq.pulse,Pulso · flash + empujón desde el centro · final reactivo (26),fluids.seq,accion,,,/a/fluids/seq/pulse,,Nota 0 ch1
fluids.seq.strobe,Relámpago · sortea y destella las 4 losetas emisivas · final reactivo (26),fluids.seq,accion,,,/a/fluids/seq/strobe,,Nota 2 ch1
fluids.seq.step,Paso cruzado de las losetas · segundo kick · final reactivo (26),fluids.seq,accion,,,/a/fluids/seq/step,,Nota 2 ch1
fluids.seq.tile,Loseta · 50 cm o 1 m según la serie · final reactivo (26),fluids.seq,accion,,,/a/fluids/seq/tile,,Nota 4 ch1
fluids.seq.tileBig,Loseta · 1 m · final reactivo (26),fluids.seq,accion,,,/a/fluids/seq/tileBig,,Nota 40 ch2
fluids.seq.sweep,Barrido de sombra · final reactivo (26),fluids.seq,accion,,,/a/fluids/seq/sweep,,Nota 38 ch2
fluids.seq.crack,Fractura en el centro de masa · final reactivo (26),fluids.seq,accion,,,/a/fluids/seq/crack,,Nota 39 ch2 + Nota 49 ch2
fluids.seq.dark,"Apagón 0,3 s · final reactivo (26)",fluids.seq,accion,,,/a/fluids/seq/dark,,Nota 47 ch2
fluids.seq.freeze,Congelar el fluido (vida de loseta) · final reactivo (26),fluids.seq,accion,,,/a/fluids/seq/freeze,,Nota 45 ch2
fluids.seq.flip,Sortear qué losetas emiten (sin destello) · final reactivo (26),fluids.seq,accion,,,/a/fluids/seq/flip,,Nota 38 ch2
fluids.seq.clear,Borrar losetas · final reactivo (26),fluids.seq,accion,,,/a/fluids/seq/clear,,
fluids.seq.reset,Vaciar el fluido · final reactivo (26),fluids.seq,accion,,,/a/fluids/seq/reset,,